{
  "accuracy": [
    0.7388474941253662,
    0.7998544573783875,
    0.8211747407913208,
    0.8326055407524109,
    0.8433085083961487,
    0.8525986671447754,
    0.8561948537826538,
    0.8609470129013062,
    0.8646716475486755,
    0.8708793520927429,
    0.8725062012672424,
    0.877386748790741,
    0.8801695108413696,
    0.8829094767570496,
    0.88402259349823,
    0.8896309733390808,
    0.8916859030723572,
    0.8924993872642517,
    0.8927134275436401,
    0.896523654460907,
    0.9084681868553162,
    0.9103090763092041,
    0.9150183796882629,
    0.9161743521690369,
    0.9153180718421936,
    0.9184005260467529,
    0.9175015091896057,
    0.919042706489563,
    0.9226389527320862,
    0.9276907444000244,
    0.9313725233078003,
    0.9309444427490234,
    0.9329993724822998,
    0.9310728907585144,
    0.9335987567901611,
    0.9336415529251099,
    0.9331706762313843,
    0.9348403215408325,
    0.938179612159729,
    0.9389930367469788,
    0.9393355846405029,
    0.9383509159088135,
    0.9407911896705627,
    0.9417330026626587,
    0.9433170557022095,
    0.9437023997306824,
    0.9431886076927185,
    0.9417758584022522
  ],
  "f1_macro": [
    0.5840152502059937,
    0.7040951251983643,
    0.7380697727203369,
    0.7546743154525757,
    0.7694052457809448,
    0.7843406796455383,
    0.7905468344688416,
    0.7975314259529114,
    0.8030406832695007,
    0.8123910427093506,
    0.8151229023933411,
    0.822596549987793,
    0.826848030090332,
    0.8305556774139404,
    0.8329118490219116,
    0.8414513468742371,
    0.8443267345428467,
    0.845865786075592,
    0.8458793759346008,
    0.8518903851509094,
    0.8695545196533203,
    0.8720922470092773,
    0.879132866859436,
    0.8805660009384155,
    0.879639744758606,
    0.883766233921051,
    0.882392406463623,
    0.8846035599708557,
    0.889877438545227,
    0.8973938226699829,
    0.90272456407547,
    0.9022719860076904,
    0.9052146077156067,
    0.9025894999504089,
    0.9060510993003845,
    0.9062537550926208,
    0.9053078293800354,
    0.9078356623649597,
    0.9127281308174133,
    0.9138191938400269,
    0.9143548011779785,
    0.9130014181137085,
    0.9165711402893066,
    0.9179179668426514,
    0.9201542735099792,
    0.9208164215087891,
    0.9198912978172302,
    0.9180130362510681
  ],
  "loss": [
    0.5401129126548767,
    0.45301467180252075,
    0.4178474545478821,
    0.39522242546081543,
    0.379078209400177,
    0.3614742159843445,
    0.3499247431755066,
    0.34224629402160645,
    0.33154481649398804,
    0.32072946429252625,
    0.31308743357658386,
    0.30443981289863586,
    0.3003571033477783,
    0.29522234201431274,
    0.2910497188568115,
    0.2795394957065582,
    0.2748192846775055,
    0.2706233561038971,
    0.26960718631744385,
    0.2632884979248047,
    0.23473045229911804,
    0.22678761184215546,
    0.21951110661029816,
    0.21496884524822235,
    0.21365678310394287,
    0.21010157465934753,
    0.20993779599666595,
    0.20521219074726105,
    0.20031851530075073,
    0.1844286173582077,
    0.18106788396835327,
    0.17818553745746613,
    0.17755113542079926,
    0.17549726366996765,
    0.1727222055196762,
    0.17413683235645294,
    0.17073586583137512,
    0.17076145112514496,
    0.16110888123512268,
    0.1591109037399292,
    0.1591166853904724,
    0.15922227501869202,
    0.15539731085300446,
    0.15212208032608032,
    0.14904774725437164,
    0.14927813410758972,
    0.14917485415935516,
    0.14980988204479218
  ],
  "val_accuracy": [
    0.7857584953308105,
    0.7946336269378662,
    0.8053663372993469,
    0.8099071383476257,
    0.818369448184967,
    0.8200206160545349,
    0.8189886212348938,
    0.8185758590698242,
    0.8295149803161621,
    0.8231166005134583,
    0.8249741792678833,
    0.8249741792678833,
    0.8243550062179565,
    0.8355005383491516,
    0.8377708792686462,
    0.8233230113983154,
    0.8288957476615906,
    0.8262125849723816,
    0.8212590217590332,
    0.8270381689071655,
    0.8324045538902283,
    0.8293085694313049,
    0.8319917321205139,
    0.8350877165794373,
    0.8313725590705872,
    0.8365325331687927,
    0.8359133005142212,
    0.8276574015617371,
    0.8299277424812317,
    0.8309597373008728,
    0.830340564250946,
    0.8328173160552979,
    0.8383901119232178,
    0.8307533264160156,
    0.8352941274642944,
    0.8301341533660889,
    0.8317853212356567,
    0.8361197113990784,
    0.8288957476615906,
    0.8313725590705872,
    0.8305469751358032,
    0.8301341533660889,
    0.8282765746116638,
    0.8326109647750854,
    0.8274509906768799,
    0.8305469751358032,
    0.8288957476615906,
    0.8280701637268066
  ],
  "val_f1_macro": [
    0.6936244368553162,
    0.701111376285553,
    0.7148472666740417,
    0.727272629737854,
    0.7404129505157471,
    0.7542276382446289,
    0.7376607060432434,
    0.7517649531364441,
    0.7616849541664124,
    0.7563263773918152,
    0.7405140399932861,
    0.7641823887825012,
    0.7500733733177185,
    0.7701181769371033,
    0.7745265960693359,
    0.7622221112251282,
    0.7654879689216614,
    0.7638810873031616,
    0.7520044445991516,
    0.7690187096595764,
    0.7670682668685913,
    0.7742287516593933,
    0.7758809924125671,
    0.7821106910705566,
    0.7768368124961853,
    0.776775598526001,
    0.7751060128211975,
    0.7760793566703796,
    0.7682788372039795,
    0.7748143076896667,
    0.7706472277641296,
    0.7754988074302673,
    0.7834023833274841,
    0.777294933795929,
    0.7812499403953552,
    0.7727146744728088,
    0.7735481262207031,
    0.7791990041732788,
    0.7735591530799866,
    0.7751169204711914,
    0.7759889960289001,
    0.774458646774292,
    0.7724288702011108,
    0.7752839922904968,
    0.7699503898620605,
    0.7752532362937927,
    0.774544358253479,
    0.7718432545661926
  ],
  "val_loss": [
    0.4797605574131012,
    0.4581831693649292,
    0.43853893876075745,
    0.4395136535167694,
    0.4348701238632202,
    0.42822980880737305,
    0.4391290545463562,
    0.43255671858787537,
    0.4441870450973511,
    0.43932488560676575,
    0.43501928448677063,
    0.4453868865966797,
    0.45811423659324646,
    0.42683249711990356,
    0.4592474699020386,
    0.4468216001987457,
    0.46423250436782837,
    0.47477343678474426,
    0.4814334213733673,
    0.4844985008239746,
    0.4866129159927368,
    0.4969366192817688,
    0.5179250240325928,
    0.5405495166778564,
    0.5341127514839172,
    0.5366179943084717,
    0.531883955001831,
    0.5671088695526123,
    0.5678364038467407,
    0.589895486831665,
    0.601838231086731,
    0.6178513169288635,
    0.6013354659080505,
    0.6375987529754639,
    0.6367721557617188,
    0.6435295939445496,
    0.6454171538352966,
    0.6252585053443909,
    0.6617274284362793,
    0.657310426235199,
    0.6869305372238159,
    0.6878495812416077,
    0.7125834226608276,
    0.6901305317878723,
    0.7055789828300476,
    0.7159407734870911,
    0.7180910706520081,
    0.7194293737411499
  ],