{
  "accuracy": [
    0.7132887840270996,
    0.749678909778595,
    0.7683020830154419,
    0.7795615792274475,
    0.787182092666626,
    0.7950595021247864,
    0.803835928440094,
    0.8102149367332458,
    0.8147957921028137,
    0.8215172290802002,
    0.8222022652626038,
    0.8355595469474792,
    0.8417672514915466,
    0.848231852054596,
    0.8520421385765076,
    0.855381429195404,
    0.8579073548316956,
    0.8601335883140564,
    0.8606045246124268,
    0.8624454140663147,
    0.8680537939071655,
    0.8701087236404419,
    0.8732340335845947,
    0.8694665431976318,
    0.871264636516571,
    0.8740474581718445,
    0.8786711096763611,
    0.8788851499557495,
    0.8832091689109802,
    0.8842366933822632,
    0.8878328800201416,
    0.8884322047233582,
    0.891557514667511,
    0.8930131196975708,
    0.8919427990913391,
    0.8919427990913391,
    0.893141508102417,
    0.8933984041213989,
    0.8962668180465698,
    0.8971230387687683,
    0.8969945907592773,
    0.9094100594520569,
    0.9125353097915649,
    0.9145046472549438,
    0.9144618511199951,
    0.9152324795722961,
    0.9219111204147339,
    0.9257214069366455,
    0.9238376617431641,
    0.9228529930114746,
    0.9247795343399048,
    0.9266204237937927,
    0.9274766445159912,
    0.9296172857284546,
    0.9295744299888611,
    0.9310728907585144,
    0.9312869310379028,
    0.9300453662872314,
    0.93218594789505,
    0.9339412450790405
  ],
  "f1_macro": [
    0.5628875494003296,
    0.6298195719718933,
    0.6621300578117371,
    0.676590621471405,
    0.6876923441886902,
    0.6978856921195984,
    0.7156508564949036,
    0.7241615056991577,
    0.7310370206832886,
    0.7409109473228455,
    0.7429277896881104,
    0.7632081508636475,
    0.7725257873535156,
    0.7817521095275879,
    0.7878451943397522,
    0.7926589250564575,
    0.7952371835708618,
    0.7996320128440857,
    0.8001227378845215,
    0.802507758140564,
    0.8111287355422974,
    0.8141841292381287,
    0.819087028503418,
    0.8142778277397156,
    0.816186785697937,
    0.8204783201217651,
    0.8271318674087524,
    0.8272366523742676,
    0.833292543888092,
    0.8348802328109741,
    0.8404578566551208,
    0.8404944539070129,
    0.8454073071479797,
    0.847798228263855,
    0.8459472060203552,
    0.8455513119697571,
    0.8477305173873901,
    0.8481706976890564,
    0.8519943356513977,
    0.8542133569717407,
    0.8532209992408752,
    0.8715083003044128,
    0.876054048538208,
    0.8791088461875916,
    0.8790849447250366,
    0.8798543214797974,
    0.8896551132202148,
    0.8952104449272156,
    0.8925269842147827,
    0.8908407092094421,
    0.8940864205360413,
    0.8962971568107605,
    0.897420346736908,
    0.9007604718208313,
    0.9007540941238403,
    0.9027777314186096,
    0.9029682874679565,
    0.9013403654098511,
    0.9044169783592224,
    0.906761646270752
  ],
  "loss": [
    0.5675458908081055,
    0.521516740322113,
    0.4935286045074463,
    0.475749671459198,
    0.45910975337028503,
    0.4508092701435089,
    0.43295788764953613,
    0.4212092459201813,
    0.41597360372543335,
    0.40210360288619995,
    0.3992144763469696,
    0.3717263638973236,
    0.36141419410705566,
    0.3506723642349243,
    0.3436904847621918,
    0.3369278311729431,
    0.3297138810157776,
    0.32635027170181274,
    0.32543423771858215,
    0.32075825333595276,
    0.3143001198768616,
    0.30794304609298706,
    0.3041163682937622,
    0.30681997537612915,
    0.30184584856033325,
    0.2971901595592499,
    0.29247161746025085,
    0.2915846109390259,
    0.2816927433013916,
    0.2804807722568512,
    0.2751254141330719,
    0.2724444270133972,
    0.2693096101284027,
    0.26345059275627136,
    0.26201868057250977,
    0.2614818513393402,
    0.2618074119091034,
    0.25744274258613586,
    0.2524412274360657,
    0.25152984261512756,
    0.2507876753807068,
    0.22473394870758057,
    0.21871855854988098,
    0.21422389149665833,
    0.2097959816455841,
    0.2094174474477768,
    0.19508148729801178,
    0.18875116109848022,
    0.18924853205680847,
    0.18985703587532043,
    0.18537767231464386,
    0.18499648571014404,
    0.18233132362365723,
    0.1753670573234558,
    0.17585068941116333,
    0.1752646267414093,
    0.1711105853319168,
    0.174782857298851,
    0.16931182146072388,
    0.16576489806175232
  ],
  "val_accuracy": [
    0.7469556331634521,
    0.7628483176231384,
    0.7750257849693298,
    0.7933952808380127,
    0.7985551953315735,
    0.8057791590690613,
    0.8039215803146362,
    0.8024767637252808,
    0.7909184694290161,
    0.8039215803146362,
    0.8028895854949951,
    0.807223916053772,
    0.8103199005126953,
    0.8160990476608276,
    0.8204334378242493,
    0.8154798746109009,
    0.8194014430046082,
    0.8239421844482422,
    0.8274509906768799,
    0.8173374533653259,
    0.8231166005134583,
    0.8313725590705872,
    0.8233230113983154,
    0.8282765746116638,
    0.8245614171028137,
    0.8220846056938171,
    0.825799822807312,
    0.821052610874176,
    0.8249741792678833,
    0.8229101896286011,
    0.8293085694313049,
    0.8224974274635315,
    0.8268317580223083,
    0.8245614171028137,
    0.828482985496521,
    0.8286893963813782,
    0.8247678279876709,
    0.8309597373008728,
    0.8208462595939636,
    0.826625406742096,
    0.8293085694313049,
    0.8324045538902283,
    0.8286893963813782,
    0.8262125849723816,
    0.8340557217597961,
    0.8227038383483887,
    0.8348813056945801,
    0.8363261222839355,
    0.8321981430053711,
    0.8295149803161621,
    0.8319917321205139,
    0.8334365487098694,
    0.8319917321205139,
    0.8315789699554443,
    0.833849310874939,
    0.8332301378250122,
    0.8282765746116638,
    0.8301341533660889,
    0.8336429595947266,
    0.8340557217597961
  ],
  "val_f1_macro": [
    0.5982961654663086,
    0.6631485819816589,
    0.6461037993431091,
    0.6932270526885986,
    0.693851888179779,
    0.7107285857200623,
    0.701820433139801,
    0.7010308504104614,
    0.6774912476539612,
    0.6933504939079285,
    0.7101668119430542,
    0.7061043381690979,
    0.7145075798034668,
    0.7325126528739929,
    0.7398325204849243,
    0.7152866125106812,
    0.7470366954803467,
    0.7433042526245117,
    0.7495505809783936,
    0.7314110994338989,
    0.7365508675575256,
    0.7517471313476562,
    0.7504372000694275,
    0.7474194765090942,
    0.7479240298271179,
    0.7457227110862732,
    0.7547937035560608,
    0.7449249625205994,
    0.7464113831520081,
    0.7515922784805298,
    0.7549629211425781,
    0.7420514822006226,
    0.7551793456077576,
    0.7444376945495605,
    0.7530460357666016,
    0.7650055885314941,
    0.7538416385650635,
    0.7600350975990295,
    0.7401196956634521,
    0.7565217018127441,
    0.751875102519989,
    0.7625730633735657,
    0.7638018131256104,
    0.7572087049484253,
    0.7639459371566772,
    0.7494896054267883,
    0.7695852518081665,
    0.7724533081054688,
    0.7669819593429565,
    0.7629161477088928,
    0.7652824521064758,
    0.7670994997024536,
    0.7670291662216187,
    0.7652474045753479,
    0.7692748308181763,
    0.7679494023323059,
    0.7616045475006104,
    0.7592862844467163,
    0.76799076795578,
    0.7722378969192505
  ],